{"cameraMode":{"drawMode":0,"name":"Shaded","section":"Shading Mode"},"sceneLighting":true,"audioPlay":false,"sceneViewState":{"showFog":true,"showMaterialUpdate":false,"showSkybox":true,"showFlares":true,"showImageEffects":true,"showParticleSystems":true},"in2DMode":false,"pivot":{"x":497.9212951660156,"y":106.16492462158203,"z":328.9377746582031},"rotation":{"x":-0.20726965367794038,"y":-0.01997804455459118,"z":0.004126328509300947,"w":-0.9781426787376404},"size":7.814149856567383,"orthographic":false}